diablo-gothic__BEFORE-tight	https://v3b.fal.media/files/b/0aa1fc79/4rv3gWDYloVUAgE0RpRym_diablo-gothic__BEFORE-tight.png
diablo-gothic__finegrain-tight	https://v3b.fal.media/files/b/0aa1fc85/Z77pcKM49xtEHXbZIGZhD_diablo-gothic__finegrain-tight.png
diablo-gothic__gemini25-flash-tight	https://v3b.fal.media/files/b/0aa1fc79/-w0MMF9e0bV-svqSsUj09_diablo-gothic__gemini25-flash-tight.png
diablo-gothic__gemini31-flash-tight	https://v3b.fal.media/files/b/0aa1fc79/gSfVIdGAviXea2ZVdw7yF_diablo-gothic__gemini31-flash-tight.png
diablo-gothic__gpt-image-2-tight	https://v3b.fal.media/files/b/0aa1fc7a/hug7nWPysXQHxKvGVaS09_diablo-gothic__gpt-image-2-tight.png
diablo-gothic__vertex-tight	https://v3b.fal.media/files/b/0aa1fc7a/y5-0UcMQoN32rkOrWr4Iv_diablo-gothic__vertex-tight.png
fallout-vault__BEFORE-tight	https://v3b.fal.media/files/b/0aa1fc7a/W35dufi06Q44PD0_MDpmi_fallout-vault__BEFORE-tight.png
fallout-vault__finegrain-tight	https://v3b.fal.media/files/b/0aa1fc7a/aFQbbftfOUM6a-0swpQ1l_fallout-vault__finegrain-tight.png
fallout-vault__gemini25-flash-tight	https://v3b.fal.media/files/b/0aa1fc7a/aqsgbc76OgYTQgejXUg58_fallout-vault__gemini25-flash-tight.png
fallout-vault__gemini31-flash-tight	https://v3b.fal.media/files/b/0aa1fc7a/ftmaKO9Sbtc40upPlAT1A_fallout-vault__gemini31-flash-tight.png
fallout-vault__gpt-image-2-tight	https://v3b.fal.media/files/b/0aa1fc7a/_H85wSVCPtQkafhfeiK_s_fallout-vault__gpt-image-2-tight.png
fallout-vault__vertex-tight	https://v3b.fal.media/files/b/0aa1fc7b/lVhtv1ED6UimxposxHbuq_fallout-vault__vertex-tight.png
wc-goldshield__BEFORE-tight	https://v3b.fal.media/files/b/0aa1fc7b/8UG8B9P39jCafSsvLT1pm_wc-goldshield__BEFORE-tight.png
wc-goldshield__finegrain-tight	https://v3b.fal.media/files/b/0aa1fc7b/JQDtKebIj2y3UGyDQN0BR_wc-goldshield__finegrain-tight.png
wc-goldshield__gemini25-flash-tight	https://v3b.fal.media/files/b/0aa1fc7b/0Al2r6JMU56GU-lwBY00K_wc-goldshield__gemini25-flash-tight.png
wc-goldshield__gemini31-flash-tight	https://v3b.fal.media/files/b/0aa1fc7b/Oa0OCO9SsoQs6ztGfUxD1_wc-goldshield__gemini31-flash-tight.png
wc-goldshield__gpt-image-2-tight	https://v3b.fal.media/files/b/0aa1fc7b/2O0oSSWISgD4OyhNe7zvq_wc-goldshield__gpt-image-2-tight.png
wc-goldshield__vertex-tight	https://v3b.fal.media/files/b/0aa1fc87/RwACc3-ykR6XFpaqzfjre_wc-goldshield__vertex-tight.png
